"resource","death","code","first_name","last_name","lifespan"
"16251479","18..    ","a","Frond","Victor","18..-18.."
"14407150","1880    ","a","Gustave","Victor","18..-...."
"13210449","18931216","a","Ferry","Albert","1833-1893"
"10440065","19..    ","z","Kimpflin","Georges","1878-19.."
"10589582","19..    ","z","Marty-Lavauzelle","Roger","1876-19.."
"10735364","19..    ","z","Ducrot","Andrй","1876-19.."
"12462646","19..    ","z","Marot","Jean","1885-19.."
"13002135","19..    ","z","Buteau","Max","1884-19.."
"16261389","19..    ","a","Vincent","Pierre","18..-19.."
"10900167","191.    ","a","Girard","Louis","18..-191."
"13386212","191.    ","a","Antoine","Georges-Victor-Roger","1882-191.?"
"11310377","1914    ","a","Gaudin","Marie-Sйbastien","1890-1914"
"12480321","1914    ","a","Latapie","Georges-Ambroise","1889-1914"
"16150293","1914    ","a","Chauvet","Dйsirй","1886-1914"
"16242396","1914    ","a","Drouin","Robert","1893-1914"
"16265469","1914    ","a","Mattuse","Henri","1856-1914"
"15736944","19140725","a","Gilbert","Pierre","1884-1914"
"10238874","191408  ","a","Frйminet","Eugиne","1883-1915"
"14975475","191408  ","a","Nollat","Eugиne","1885-1914"
"12136643","19140802","a","Peugeot","Jules-Andrй","1893-1914"
"16211372","19140815","a","Delaye","Paul","1890-1914"
"10404653","19140818","a","Luthard","Maurice","1890-1914"
"10241102","19140819","a","Hayem","Emile","1870-1914"
"15745712","19140819","a","Gonnet","Jean","1885-1914"
"10295331","19140820","a","Villermin","Antoine","1889-1914"
"10407124","19140820","a","Mimerel","Jacques","1885-1914"
"10414488","19140820","a","Ruplinger","Andrй","1889-1914"
"11099710","19140820","a","Cassagnac","Guy de","1882-1914"
"11338853","19140820","a","Cornet","Charles-Joseph-Alexandre","1879-1914"
"12788396","19140820","a","Gйraud","Marcel","1885-1914"
"12955541","19140820","a","Laffitte","Louis","1873-1914"
"13022431","19140820","a","Perrйoux","Roger","1882-1914"
"13472871","19140820","a","Vйrani","Andrй","1881-1914"
"16170862","19140820","a","Collet","Йtienne","1885-1914"
"10494598","19140821","a","Bourlon","Maurice","1875-1914"
"10352989","19140822","a","Garric","Gabriel","1886-1914"
"10556825","19140822","a","Saint Just","Robert de","1892-1914"
"10724286","19140822","a","Art Roл","Robert de","1865-1914"
"10839959","19140822","a","Amar","Pierre","1892-1914"
"11925695","19140822","a","Sturel","Renй","1885-1914"
"12015339","19140822","a","Psichari","Ernest","1883-1914"
"13013066","19140822","a","Du Fresnois","Andrй","1887-1914"
"13165649","19140822","a","Allard-Mйeus","Jean","1892-1914"
"14962824","19140822","a","Reutlinger","Jean","1891-1914"
"15559157","19140822","a","Baguenier-Dйsormeaux","Jacques","1888-1914"
"16006697","19140822","a","Cambon","Marcel","1893-1914"
"13470964","19140823","a","Vayssiиres","Robert","1885-1914"
"16223455","19140823","a","Deschars","Charles","1877-1914"
"10476932","19140824","a","Lйvy-Fleur","Robert","1886-1914"
"10506101","19140824","a","Marliave","Joseph de","1873-1914"
"10435064","19140825","a","Gabourdиs","Alfred","1885-1914"
"11100332","19140825","a","Charpin","Frйdйric","1883-1914"
"11284899","19140825","a","Crotti de Costigliole","Guy","1881-1914"
"14993401","19140825","a","Moreau","Philippe","1880-1914"
"15623214","19140825","a","Berthier","Auguste","18..-1914"
"15858079","19140825","a","Boutet","Pierre","1884-1914"
"12196676","19140826","a","Vouaux","Lйon","1870-1914"
"12945460","19140826","a","Goujon","Pierre","1875-1914"
"13413233","19140826","a","Dupuy","Raoul","1882-1914"
"10443219","19140827","a","Luppй","Charles de","1892-1914"
"10440772","19140828","a","La Dure","Louis de","1885-1914"
"13558829","19140828","a","Ussel","Jean d'","1874-1914"
"11135648","19140829","a","Beausse","Gaston de","1888-1914"
"10413070","19140830","a","Reverdy","Georges","1890-1914"
"11348963","19140830","a","Sazerac de Forge","Lйonide","1868-1914"
"11988250","19140830","a","Reinach","Adolphe","1887-1914"
"12730630","19140830","a","Yvan","Antoine","1890-1914"
"12742253","19140830","a","Marichal","Jean","1889-1914"
"13180822","19140830","a","Britsch","Gabriel","1875-1914"
"14297257","191409  ","z","Beury","Andrй","1889-1914"
"10257440","19140901","a","Trouvй","Noлl","1885-1914"
"10741478","19140901","a","Cissey","Marie Joseph Claude Henri Renй Courtot de","1862-1914"
"11834995","19140901","a","Frйville","Robert de","1882-1914"
"10301345","19140903","a","Boulard","Louis","1877-1914"
"13179539","19140903","z","Magnard","Albйric","1865-1914"
"15886381","19140903","a","Cadot","Louis","1886-1914"
"10567147","19140904","a","Fauvart Bastoul","Louis","1877-1914"
"11317432","19140905","a","Boisanger","Henri de","1877-1914"
"11317848","19140905","a","Du Reau de La Gaignonniиre","Jean","1885-1914"
"11918933","19140905","a","Pйguy","Charles","1873-1914"
"15755519","19140905","a","Nolly","Emile","1880-1914"
"15781609","19140905","a","Vial","Paul","1890-1914"
"10746420","19140906","a","Saligny","Louis de","1870-1914"
"13182607","19140906","a","Valmont","Gustave","1881-1914"
"15366893","19140906","a","Anginieur","Fernand","1868-1914"
"11847941","19140907","a","Bernardin","Lйon","1878-1914"
"12733804","19140907","a","Deroure","Maurice","1883-1914"
"14312818","19140907","a","Patin","Maurice","1883-1914"
"10989584","19140908","a","Balder","Jacques","1885-1914"
"13472898","19140908","a","Vйteau","Йdouard","1881-1914"
"15586259","19140908","a","Bataille","Amйdйe","1862-1914"
"16252867","19140908","a","Dulhom-Noguиs","Louis","1889-1914"
"10289183","19140909","a","Salaьn","Louis","1874-1914"
"10992687","19140909","a","Blachиre","Andrй","1885-1914"
"11144987","19140910","a","Flachaire","Charles","1887-1914"
"14433177","19140910","a","Gironde","Gaston de","1873-1914"
"12946985","19140911","a","Delombre","Roger","1884-1914"
"11144038","19140912","a","Engelhard","Gustave","1884-1914"
"12988931","19140912","a","Valat","Georges","1882-1914"
"16169532","19140912","a","Colin","Maurice","1891-1914"
"10243359","19140914","a","Kiefe","Oscar","1885-1914"
"14909397","19140914","a","Lhoste","Georges","1860-1914"
"15091207","19140917","a","Sully-Brunet","Georges","1885-1914"
"15130755","19140917","a","Bridoux","Eugиne","1854-1914"
"10415526","19140918","a","Scheikйvitch","Victor","1885-1914"
"15114161","19140919","a","Braunstein","Pierre","1888-1914"
"10270237","19140920","a","Francez","Renй","1888-1914"
"10384355","19140920","a","Aguillon","Bertin","1885-1914"
"10394344","19140920","a","Feuillвtre","Paul","1881-1914"
"14969634","19140920","a","Berthon","Maurice Alexandre","1888-1914"
"10437879","19140921","a","Helbronner","Louis","1876-1914"
"12732766","19140921","a","Du Roure","Henry","1883-1914"
"15755666","19140921","a","Hourcade","Olivier","1892-1914"
"10444044","19140922","a","Marcellin","Gaston","1882-1914"
"10686633","19140922","a","Feydeau de Saint-Christophe","Franзois de","1883-1914"
"13385152","19140922","a","Alaux","Eugиne","1887-1914"
"10603496","19140923","a","Joannis-Pagan","Joseph de","1885-1914"
"12040713","19140923","a","Cazenove","Arthur de","1861-1914"
"13470930","19140923","a","Vautier","Louis","1883-1914"
"11198548","19140924","a","Courtиs-Lapeyrat","Fйlix","1884-1914"
"12012613","19140924","a","Bonneff","Maurice","1884-1914"
"16238890","19140924","a","Doumer","Andrй","1894-1914"
"10245311","19140926","a","Lelong","Jean","1884-1914"
"10845266","19140926","a","Briet","Henri","1887-1914"
"11275432","19140926","a","Chevallier","Robert Victor","1873-1914"
"11888266","19140926","a","Alain-Fournier","Robert Victor","1886-1914"
"13181917","19140926","a","Brunel de Pйrard","Jacques","1893-1914"
"11237721","19140927","a","Demars","Victor Gabriel","1871-1914"
"13321844","19140927","a","Cellerier","Henry","1882-1914"
"13384864","19140927","a","Adad","Jacob","1870-1914"
"15617996","19140927","a","Bernard","Edouard","1888-1914"
"13181842","19140928","a","Bourcier","Charles","1882-1914"
"13181850","19140928","a","Destrem","Hugues","1875-1914"
"13514145","19140929","a","Bouin","Jean","1888-1914"
"12161958","19141001","a","Mьller","Charles","1877-1914"
"12885086","19141001","a","David","Maxime","1885-1914"
"10412404","19141002","a","Rambaud","Jacques","1878-1914"
"10611521","19141002","a","Vaucorbeil","Max","1880-1914"
"10709161","19141002","a","Massacrier","Auguste","1872-1914"
"10536742","19141003","a","Selosse","Louis","1886-1914"
"11899016","19141003","a","Dйchelette","Joseph","1862-1914"
"10702062","19141004","a","Mйnagй","Louis","1885-1914"
"10372423","19141006","a","Roguet","Charles","1873-1914"
"15631850","19141007","a","Bertrand","Maurice","1881-1914"
"10335254","19141009","a","Thorp","Charles","1877-1914"
"10347429","19141009","a","Cornuel","Eugиne","1875-1914"
"14820226","19141010","a","Casadesus","Marcel","1882-1914"
"13022833","19141012","a","Lartigue","Francиs de","1893-1914"
"12502285","19141013","a","Perrot","Charles","1887-1914"
"13488398","19141013","a","Andrй-Michel","Robert","1884-1914"
"10393739","19141015","a","Espinose","Alonze Louis Edmond Marie Joseph d'","1880-1914"
"15612681","19141017","a","Weil","Georges","1881-1914"
"10882068","19141022","a","Balmigиre","Joseph","1884-1914"
"12548748","19141022","a","Reymond","Emile","1865-1914"
"10722471","19141023","a","Minart","Йdouard","1865-1914"
"16209619","19141023","a","Delafraye","Charles","1875-1914"
"10251744","19141024","a","Proust","Paul","1882-1914"
"11216622","19141028","a","Benedict","Jean","1867-1914"
"12467267","19141028","a","Godet","Marcel","1882-1914"
"10937227","19141029","a","Bonjean","Louis","1883-1914"
"14977596","19141029","a","Arrivet","Paul-Blaise-Marcel","1850-1914"
"10933841","19141030","a","Barth","Jacques","1887-1914"
"11901417","19141030","a","Duruy","Victor","1874-1914"
"16100268","19141030","a","Chalopin","Andrй","1885-1914"
"10336116","19141031","a","Trйca","Maurice","1880-1914"
"11276342","19141031","a","Dumas","Charles","1881-1914"
"12729258","19141031","a","Pighetti","Jules-Йdouard-Marie-Raoul de","1873-1914"
"10319138","19141101","a","Loubers","Henry","1884-1914"
"11057276","19141102","a","Douvillй","Robert","1881-1914"
"13321060","19141102","a","Beaucorps","Jean de","1883-1914"
"10420348","19141103","a","Treffel","Georges","1873-1914"
"13319468","19141103","a","Andrй","Maxime d'","1864-1914"
"10482923","19141104","a","Ribиs-Mйry","Robert","1888-1914"
"16025356","19141104","a","Carbonnelle","Henri","1872-1914"
"13181718","19141106","a","Battanchon","Georges","1879-1914"
"15933117","19141107","a","Allain","Renй","1884-1914"
"11323520","19141110","a","Baudry","Adrien Йdouard","1867-1914"
"10213834","19141111","a","Doumic","Max","1863-1914"
"10675351","19141112","a","La Barre de Nanteuil","Alfred de","1877-1914"
"14638884","19141112","a","Morel","Jacques","1877-1914"
"13387715","19141113","a","Ayraud","Gaston-Emmanuel","1875-1914"
"13387372","19141114","a","Augier","Adrien","1884-1914"
"11021183","19141115","a","Le Senne","Emile","1881-1914"
"11000543","19141125","a","Cugnier","Albert","1886-1914"
"10347447","19141127","a","Corrard","Pierre","1877-1914"
"11910336","19141128","a","La Ville de Mirmont","Jean de","1886-1914"
"15510626","19141128","a","Jean-Ajalbert","Charles","1896-1914"
"13001817","19141202","a","Bidault","Fernand","1879-1914"
"14978128","19141202","a","Pourpe","Marc","1887-1914"
"12112117","19141209","a","Nayral","Jacques","1876-1914"
"10427958","19141213","a","Boudreaux","Pierre","1882-1914"
"10500927","19141217","a","Guйnard","Albert","1877-1914"
"11093315","19141221","a","Auclair","Franзois","1883-1914"
"13302540","19141222","a","Aris","Paul","1884-1914"
"12731690","19141224","a","Vitrolles","Gabriel-Octave de","1880-1914"
"14344106","19141224","a","Ginisty","Pierre","1884-1914"
"12989822","19141225","a","Baudry","Franзois","1890-1914"
"13055722","19141226","a","Barbier","Jean-Pierre","1893-1914"
"10279343","19141227","a","Lotte","Joseph","1875-1914"
"10801543","19141227","a","Fages","Йtienne","1880-1914"
"12728283","19141227","a","Codet","Louis","1876-1914"
"10991359","19141228","a","Benoit","Charles","1888-1914"
"11892805","19141228","a","Bonneff","Lйon","1882-1914"
"11897727","19141229","a","Cornu","Paul","1881-1914"
"10324972","19141230","a","Payen","Raymond","1882-1914"
"10280164","1915    ","a","Malet","Albert","1864-1915"
"11836963","1915    ","a","Arbeux","Capitaine d'","18..-1915"
"12727893","1915    ","a","Saint-Yves","Jean","1864-1915"
"13329736","1915    ","a","Lagrange","Henri","1893-1915"
"13964616","1915    ","z","Bariй","Augustin","1884-1915"
"15303574","1915    ","a","Charlet","Charles-Marie-Louis-Edouard","1873-1915"
"13192648","19150104","a","Drouet","Marcel","1888-1915"
"10670522","19150105","a","Robien","Guy de","1857-1915"
"14974962","19150105","a","Gourdault","Pierre-Jules-Auguste","1880-1915"
"15580097","19150107","a","Mathey","Georges","1887-1915"
"11654393","19150112","a","Casimir-Pйrier","Claude","1880-1915"
"12727076","19150112","a","Laurentie","Franзois","1874-1915"
"15671491","19150112","a","Romeu","Albert de","1875-1915"
"10395987","19150113","a","Geandreau","Louis","1885-1915"
"11009074","19150113","a","Gendreau","Louis","1885-1915"
"10390548","19150114","a","Corne","Henri","1868-1915"
"12121503","19150117","a","Arren","Jules","1876-1915"
"12393210","19150117","a","Despax","Emile","1881-1915"
"12988943","19150117","a","Leroy-Beaulieu","Pierre","1871-1915"
"10654658","19150123","a","Dumons","Gйraud","1871-1915"
"11025889","19150125","a","Mieille","Lucien","1891-1915"
"13008021","19150129","a","Vidal de La Blache","Joseph","1872-1915"
"12302243","19150210","a","L'Hiver","Jean","1893-1915"
"13474040","19150211","a","Zaphiriadиs","Athanase","1869-1915"
"11836326","19150213","a","Ravel","Maurice Paul","1887?-1915"
"10375839","19150214","a","Silhol","Jacques","1884-1915"
"12730269","19150216","a","Dacre","Fernand","1872-1915"
"12430042","19150217","a","Maspero","Jean","1885-1915"
"15599291","19150217","a","Bйgarie","Jean-Baptiste","1892-1915"
"16223582","19150217","a","Desclers","Maurice","1882-1915"
"11905674","19150219","a","Grandmaison","Louis de","1861-1915"
"12443152","19150219","a","Йcorcheville","Jules","1872-1915"
"13470090","19150220","a","Valentin","Pierre","1880-1915"
"15731094","19150220","a","Tronquoy","Renй","1884-1915"
"11317839","19150222","a","Du Breuil de Saint-Germain","Jean","1873-1915"
"12729750","19150227","a","Des Rieux","Lionel","1870-1915"
"14933189","191503  ","a","Sigriste","Guido","1864-1915"
"10796121","19150301","a","Alinat","Emile","1896-1915"
"13398722","19150304","a","Caillet","Charles","1888-1915"
"14546937","19150304","a","Violand","Camille","1891-1915"
"11622818","19150305","a","Bianconi","Antoine","1882-1915"
"14973053","19150305","a","Doucet","Henri","1883-1915"
"16189295","19150305","a","Crenier","Camille","1880-1915"
"13557018","19150306","a","David","Andrй","1893-1915"
"12175040","19150307","a","Sautai","Maurice","1868-1915"
"10460413","19150308","a","Winkler","Paul","1879-1915"
"13022858","19150309","a","Bengoechea","Hernando de","1889-1915"
"10360435","19150310","a","Lassausaie","Guy","1891-1915"
"13182750","19150311","a","Sailhan","Louis","1880-1915"
"11820466","19150315","a","Collignon","Henri","1856-1915"
"14308829","19150318","a","Lendormy","Xavier","1893-1915"
"16145370","19150323","a","Chaussouy","Andrй","1893-1915"
"10943249","19150324","a","Corbin","Pierre","1882-1917"
"10888644","19150327","a","Cambon","Andrй","1882-1915"
"10305474","19150328","a","Defforges","Gilbert  Йtienne","1852-1915"
"10705477","19150331","a","Lautrey","Louis","1864-1915"
"13471797","19150402","a","Videau","Georges","1885-1915"
"11343650","19150403","a","Dupouey","Pierre","1877-1915"
"12788805","19150403","a","Houdayer","Raymond","1883-1915"
"11919140","19150404","a","Pergaud","Louis","1882-1915"
"11052294","19150405","a","Chaigne","Georges","1887-1915"
"14651108","19150406","a","Lemercier","Eugиne-Emmanuel","1886-1915"
"16229858","19150406","a","Devred","Renй","1887-1915"
"13319833","19150407","a","Bayet","Jean","1882-1915"
"15538758","19150407","a","Arnй","Emile","1890-1915"
"16107825","19150410","a","Chambon","Maurice","1889-1915"
"10244640","19150412","a","Lanзon","Renй","1892-1915"
"12140998","19150413","a","Hertz","Robert","1881-1915"
"10480379","19150415","a","Paccard","Alexis J.","1883-1915"
"10657049","19150422","a","Vignon","Robert","1877-1915"
"12385622","19150422","a","Poulpiquet","Ambroise de","1878-1915"
"10544816","19150424","a","Chaillou","Auguste","1866-1915"
"12115662","19150425","a","Foville","Jean de","1877-1915"
"12490179","19150425","a","Rousselot","Pierre","1878-1915"
"16166476","19150426","a","Cocardas","Henri","1881-1915"
"11852181","19150427","a","Ballande","Charles","1878-1915"
"11908040","19150427","a","Humiиres","Robert d'","1868-1915"
"13010865","19150429","a","Maupoint","Йdouard","1886-1915"
"14866134","19150429","a","Della Torre","Michel","1890-1915"
"11104587","19150430","a","Dujardin","Antoine","1887-1915"
"12057953","19150505","a","Lafon","Andrй","1883-1915"
"10798783","19150507","a","Byram","Lйo","1872-1915"
"13182740","19150509","a","Puget","Andrй","1882-1915"
"15089319","19150509","a","Faber","Franзois","1887-1915"
"15844253","19150509","a","Bourgeois","Joseph","1893-1915"
"10723060","19150512","a","Stirn","Jean Paul Ernest","1867-1915"
"12884259","19150512","a","Feuilloy","Georges","1883-1915"
"10317883","19150515","a","Lecestre","Paul","1894-1915"
"13543533","19150515","a","Heyman","Charles","1881-1915"
"14921633","19150515","a","Peignot","Rйmi","1888-1915"
"10272553","19150520","a","Guillot","Lйon","1882-1915"
"11786633","19150520","a","May","Andrй","1886-1915"
"12302047","19150523","a","Schnerb","Jacques Fйlix","1879-1915"
"13199250","19150523","a","Gaulois","Noлl","1867-1915"
"10485982","19150526","a","Simon","Charles","1882-1915"
"10594074","19150526","a","Simon","Paul","1863-1915"
"10711084","19150526","a","Berthon","Antoine-Andrй-Paul","1869-1915"
"12057904","19150526","a","Thierry","Albert","1881-1915"
"10992050","19150529","a","Beslay","Maurice","1877-1915"
"10686152","19150601","a","Chareton","Jean","1869-1915"
"10551701","19150602","a","Longuemare","Pierre de","1881?-1915"
"11939043","19150605","a","Gaudier-Brzeska","Henri","1891-1915"
"11902951","19150606","a","Blum","Jean","1883-1915"
"14789943","19150607","a","Haldy","Paul","1881-1915"
"16210416","19150607","a","Delaunay","Pierre","1870-1915"
"10322474","19150608","a","Moride","Pierre","1883-1915"
"11262996","19150609","a","Batailler","Henri","1871-1915"
"12711039","19150609","a","Drouot","Paul","1886-1915"
"13182237","19150610","a","Gravier","Gaston","1886-1915"
"12585855","19150611","a","Angeli","Jean","1886-1915"
"10203094","19150612","a","Mairey","Alphonse","1877-1915"
"13180442","19150613","a","More","Georges","1891-1915"
"14673462","19150613","a","Choudens","Jacques de","1887-1915"
"12720817","19150614","a","Leroux","Jules","1880-1915"
"11280565","19150615","a","Pandin de Lussaudiиre","Jules","1880-1915"
"12939994","19150615","a","Dubarle","Robert","1881-1915"
"13182874","19150615","a","Pigelet","Jacques","1885-1915"
"13444256","19150616","a","Maux","Andrй","1886-1915"
"12686994","19150617","a","Weeks","Kenneth","1889-1915"
"13305643","19150618","a","Lйchй","Oswald de","1893-1915"
"13302807","19150619","a","Blanchard","Marcel","1890-1915"
"13384834","19150620","a","Acheux","Ernest d'","1873-1915"
"10202670","19150621","a","Loew","Jean","1886-1915"
"10884660","19150623","a","Bionnet","Raoul de","1873-1915"
"12866303","19150624","a","Touron","Marius","1882-1915"
"13385081","19150625","a","Aiguillon","Jean d'","1885-1915"
"12103674","19150627","a","Acker","Paul","1874-1915"
"10402290","19150628","a","Lamothe","Renй de","1881-1915"
"12769432","19150628","a","Lavisse","Emile","1855-1915"
"13386517","19150628","a","Armanet","Josй-Raoul-Honorat","1879-1915"
"14849832","19150706","a","Mirland","Renй","1884-1915"
"12150514","19150709","a","Bernard","Jean-Marc","1881-1915"
"15967365","19150714","a","Brydon","Joseph","1875-1915"
"16187332","19150714","a","Cozic","Amйdйe","1880-1915"
"12730922","19150717","a","Gauthier-Ferriиres","Lйon-Adolphe-Dйsirй","1880-1915"
"13307073","19150717","a","Prйville","Jean de Roussel de","1884-1915"
"14638877","19150717","a","Jouan","Pierre","1890-1915"
"15691915","19150723","a","Couturier","Roger","1897-1915"
"10439639","19150724","a","Jubineau","Maurice","1890-1915"
"10643812","19150726","a","Morliиre","Henri","1873-1915"
"10851370","19150726","a","Dupin","Jules","1890-1915"
"16165273","19150729","a","Clerc","Charles-Andrй","1891-1915"
"11249879","19150804","a","Barberot","Charles","1876-1915"
"14296375","19150805","a","Barral","Octave de","1877-1915"
"10904946","19150807","a","Houin","Marcel","1887-1915"
"16152177","19150807","a","Chiesa","Edouard","1887-1915"
"14688899","19150809","a","Losques","Daniel de","1880-1915"
"15852373","19150810","a","Bousquet","Louis","1879-1915"
"10274323","19150818","a","Houry","Victor","1882-1915"
"11250344","19150819","a","Berthomier","Aimй","1885-1915"
"12511749","19150819","a","Chatelain","Henri","1877-1915"
"16165280","19150825","a","Clerc","Ernest","1874-1915"
"10826722","19150828","a","Javal","Jean","1871-1915"
"12462706","19150830","a","Legrand","Noй","1875-1915"
"11941546","19150831","a","Pйgoud","Adolphe","1889-1915"
"16169523","19150905","a","Colin","Henri","1882-1915"
"10743549","19150906","a","Leroux","Gabriel","1879-1915"
"11104719","19150907","a","Depuichault","Renй","1885-1915"
"11790644","19150908","a","Le Bras","Jos","1889-1915"
"13471655","19150913","a","Vianey","Franзois","1876-1915"
"10311929","19150925","a","Gumpel","Lucien","1880-1915"
"10436817","19150925","a","Guasco","J.-Raymond","1888-1915"
"10892505","19150925","a","Decq","Йdouard","1889-1915"
"11031944","19150925","a","Pйringuey","Renй","1894-1915"
"11328657","19150925","a","Bourguet","Samuel","1864-1915"
"11916649","19150925","a","Montesquiou","Lйon de","1873-1915"
"12540079","19150925","a","Pancol","Georges","1888-1915"
"12731815","19150925","a","Rey","Pierre","1875-1915"
"12981469","19150925","a","Borrell","Philippe","1890-1915"
"13181743","19150925","a","Bonne","Joseph de","1883-1915"
"15860961","19150925","a","Boutry","Lйon","1880-1915"
"16171884","19150925","a","Colombe","Christophe","1886-1915"
"14888766","19150926","a","Dubost","Daniel","1885-1915"
"10356868","19150927","a","Hudault","Joseph","1881-1915"
"13176691","19150927","a","Latil","Lйo","1890-1915"
"16212927","19150927","a","Dellys","Lucien","1881-1915"
"16248580","19150927","a","Duflos","Jean","1879-1915"
"10714958","19150928","a","Le Carbonnier de La Morsangliиre","Gaston","1881-1915"
"12126923","19150928","a","Guiard","Amйdйe","1872-1915"
"13167263","19150928","a","Audibert","Georges","1885-1915"
"12128542","19150929","a","Allsac","Joseph d'","1882-1915"
"12735942","19150929","a","Junod","Йdouard","1875-1915"
"10407086","19150930","a","Millevoye","Henri","1881-1915"
"13329789","19150930","a","Chervet","Henri","1881-1915"
"11326656","19151001","a","Du Fontenioux","Franзois","1890-1915"
"13416820","19151001","a","Flourens","Marie-Jean-Pierre","1877-1915"
"14880701","19151001","a","Caulle","Joseph","1885-1915"
"15778924","19151001","a","Roziиres","Pierre de","1887-1915"
"12331640","19151002","a","Pйgot-Ogier","Jean","1877-1915"
"13201960","19151004","a","Nettancourt-Vaubecourt","Jean de","1876-1915"
"13472633","19151005","a","Voguet","Pierre","1881-1915"
"16253247","19151005","a","Dumange","Albert","1894-1915"
"13168312","19151006","a","Compagnon","Auguste","1879-1915"
"11526601","19151007","a","La Salle","Louis de","1872-1915"
"13417722","19151007","a","Foussenq","Joseph","1884-1915"
"16061738","19151010","a","Caval","Marcel","1886-1915"
"10435580","19151019","a","Genevoix","Gustave","1847-1915"
"13471960","19151022","a","Vigneron","Louis-Paul","1866-1915"
"13470131","19151029","a","Valissant","Paul-Charles-Athanase","1858-1915"
"10372064","19151031","a","Ritter","Paul de","1881-1915"
"15755400","19151031","a","Boismard","Renй Louis","1882-1915"
"10813294","19151104","a","Babin","Renй","1888-1915"
"10406387","19151127","a","Mazeran","Georges","1881-1915"
"15008232","19151128","a","Jordic","Georges","1876-1915"
"10555769","19151203","a","Regnier","Philippe","1860-1915"
"15960220","19151208","a","Brunet","Emmanuel","1887-1915"
"12456343","19151212","a","Ledoux","Fernand","1893-1915"
"10363907","19151218","a","Mary","Alexandre","1884-1915"
"11304005","19151228","a","Belmont","Ferdinand","1890-1915"
"12459473","1916    ","a","Dabry","Pierre","1862-1916"
"14975982","1916    ","a","Boillot","Georges","1885-1916"
"10403426","19160104","a","Legrand","Maxence","1882-1916"
"10623193","19160106","a","Serret","Marcel","1867-1916"
"13168917","19160110","a","Fontenay","Charles de","1889-1916"
"10714678","19160112","a","Hennequin","Louis","1869-1916"
"16039829","19160112","a","Carrau","Charles","1885-1916"
"13471317","19160122","a","Vermeil","Alfred","1852-1916"
"15906686","19160124","a","Brйval","Andrй","1890-1916"
"12602869","191602  ","a","Driant","Emile-Cyprien","1855-1916"
"14975265","191602  ","a","Guerin","Gabriel","1889-1916"
"13407649","19160204","a","Debray","Jacques","1877-1916"
"14426219","19160206","a","Mareil","Maurice","1884-1916"
"11138781","19160212","a","Burgue","Richard de","1885-1916"
"16085956","19160223","a","Cahen","Roger","1890-1916"
"10323724","19160225","a","Nolent","Eugиne","1878-1916"
"12729455","19160228","a","Rolmer","Lucien","1880-1916"
"13004802","19160228","a","Babut","Ernest-Charles","1875-1916"
"13471453","19160301","a","Verrier","Pierre","1884-1916"
"16203900","19160302","a","Cornet-Auquier","Andrй","1887-1916"
"10301381","19160304","a","Bource","Marcel","1883-1916"
"12115673","19160305","a","Clermont","Emile","1880-1916"
"12131795","19160305","a","Dupont","Andrй","1884-1916"
"10341803","19160306","a","Aynard","Raymond","1866-1916"
"10256944","19160310","a","Thome","Andrй","1879-1916"
"12141699","19160310","a","Boyer","Lйon","1883-1916"
"10246108","19160313","a","Loysel","Renй","1886-1916"
"10221628","19160315","a","Maurice","Georges","1882-1916"
"12731496","19160315","a","Lintier","Paul","1893-1916"
"13386883","19160318","a","Assicot","Louis","1874-1916"
"13386030","19160321","a","Andrй","Lйopold","1870-1916"
"13302425","19160322","a","Bertrand","Henri","1882-1916"
"13472248","19160325","a","Vilmain","Gabriel","1854-1916"
"10574925","19160327","a","Renard","Pierre","1876-1916"
"13473559","19160327","a","Wildenstein","Georges","1873-1916"
"10688275","19160329","a","Montaudon","Louis Fernand","1853-1916"
"10724299","19160329","a","Malleray","Henri de","1859-1916"
"10826414","19160329","a","Is","Jean d'","1859-1916"
"14884905","19160330","a","Czernichowski","Pol de","1876-1916"
"11100294","19160405","a","Charlier","Raymond","1879-1916"
"13472310","19160406","a","Vincent","Ferdinand","1875-1916"
"10726847","19160411","a","Trumelet-Faber","Gustave","1852-1916"
"12185787","19160416","a","Masson","Pierre-Maurice","1879-1916"
"10505920","19160418","a","Mangini","Lucien","1887-1916"
"14889138","19160419","a","Dumas","Andrй","1880-1916"
"10549823","19160426","a","Jordens","Jules Gйrard","1885-1916"
"13459902","19160428","a","Johanny de Rochely","Charles","1873?-1916"
"14840972","19160428","a","Bloch","Georges","1866-1916"
"10990218","19160430","a","Bartholomot","Louis","1881-1916"
"15517666","19160501","a","Georgin","Anatole","1891-1916"
"11264627","19160503","a","Chevoleau","Gabriel","18..-1916"
"10083890","19160505","a","Garcнa-Caldйron","Josй","1888-1916"
"10687453","19160509","a","Krien","Athanase Marie","1856-1916"
"10360691","19160522","a","Le Ber","Gabriel","1880-1916"
"13387389","19160522","a","Augier","Louis","1878-1916"
"16196910","19160522","a","Morin","Jean","18..-1916"
"13182727","19160524","a","Royй","Sylvain","1891-1916"
"11829278","19160526","a","Robidou","Franзois","1879-1916"
"11903977","19160527","a","Galliйni","Joseph-Simon","1849-1916"
"16012095","19160531","a","Canivet","Auguste","1875-1916"
"13419489","19160601","a","Garreau","Fernand","1877-1916"
"14654148","19160601","a","Fernet","Andrй","1886-1916"
"10400461","19160602","a","Joubaire","Alfred","1896-1916"
"13385938","19160603","a","Andrianjafy","Alfred","1880-1916"
"10703354","19160608","a","Thorel","Renй","1877-1916"
"13395553","19160610","a","Bourguignon","Louis-Fernand","1883-1916"
"10888519","19160616","a","Cahu","Raymond","1886-1916"
"10711387","19160617","a","Diraison-Seylor","Olivier","1873-1916"
"16172975","19160620","a","Compodonico","Charles","1888-1916"
"10800917","19160622","a","Duguet","Jean","1886-1916"
"10998060","19160623","a","Chapman","Victor","1890-1916"
"15962187","19160626","a","Brunnarius","Marcel","1884-1916"
"10388561","19160628","a","Cabat","Louis","1877-1916"
"10886332","19160630","a","Bouvet","Andrй","1896-1916"
"13404566","19160701","a","Contamin","Antoine","1884-1916"
"10853380","19160702","a","Fiolle","Paul","1887-1916"
"12686527","19160704","a","Seeger","Alan","1888-1916"
"13016370","19160704","a","Monier","Raoul","1879-1916"
"16009649","19160704","a","Campanyб","Camil","1892-1916"
"12283396","19160708","a","Cochin","Augustin","1876-1916"
"16053145","19160713","a","Rohan-Chabot","Josselin de","1879-1916"
"13473774","19160717","a","Wolff","Maxime","1887-1916"
"12428408","19160720","a","Pissard","Hippolyte","1882-1916"
"12980159","19160720","a","Duval","Frйdйric","1876-1916"
"13181895","19160720","a","Йtevй","Marcel","1891-1916"
"16181277","19160730","a","Corcelles","Louis de","1895-1916"
"12129331","19160801","a","Flament","Pierre","1878-1916"
"10994465","19160818","a","Bouvier","Pierre","1887-1916"
"12394652","19160818","a","Brindejonc des Moulinais","Marcel","1892-1916"
"10291454","19160825","a","Spach","Alfred","1887-1916"
"10523438","19160828","a","Diaz de Soria","Guido","1877-1916"
"12353486","19160905","a","Cassagne","Albert","1869-1916"
"12393925","19160911","a","Gauthiot","Robert","1876-1916"
"16228777","19160912","a","Desvachez","Alexandre","1893-1916"
"14886672","19160915","a","Deluc","Gabriel","1883-1916"
"10305301","19160916","a","Dautel","Albert","1875-1916"
"13470206","19160917","a","Vallot","Albert","1880-1916"
"10899428","19160920","a","Gazier","Fйlix","1870-1916"
"15116413","19160924","a","Pachtиre","Fйlix-Georges de","1881-1916"
"13168918","19160925","a","Fontenay","Йtienne de","1893-1916"
"11799614","19160926","a","Boyer","Joseph","1889-1916"
"11833531","19160926","a","Tattegrain","Robert","1883-1916"
"15513311","19160926","a","Alexandre","Paul","1884-1916"
"13022237","19160927","a","Troufleau","Charles","1878-1916"
"14840976","19161001","a","Blisson","Denis","1886-1916"
"10637064","19161006","a","Vennat","Henri","1877-1916"
"16197850","19161007","a","Dallerй","Maurice","1889-1916"
"13168509","19161008","a","Quentin-Bauchart","Pierre","1881-1916"
"10947937","19161010","a","Dйriard","Louis","1896-1916"
"15912758","19161010","a","Bernard","Maurice","1877-1916"
"13177885","19161013","a","Toussaint-Collignon","Marcel","1882-1916"
"13012362","19161016","a","Henches","Jules-Emile","1875-1916"
"13468317","19161019","a","Thйbaud","Йdouard","1871-1916"
"12446912","19161025","a","Touraine","Йdouard","1883-1916"
"13004104","19161025","a","Gonnard","Philippe","1878-1916"
"11108256","19161107","a","Gautier","Philippe","1884-1916"
"12456346","19161111","a","Ledoux","Gaston","1894-1916"
"15623191","19161115","a","Berthier","Joseph","1879-1916"
"13470977","19161119","a","Veaux","Йdouard","1872-1915"
"13470815","19161125","a","Vasseur","Anatole-Emmanuel-Augustin","1880-1916"
"13194870","19161126","a","Conort","Eugиne","1896-1916"
"15592913","191612  ","a","Beauchamp","Louis-Robert de","1887-1916"
"11841272","19161203","a","Rouzier-Dorciиres","Eugиne","1872-1916"
"14460805","19161206","a","Eng","Roger","1892-1916"
"13471775","19161217","a","Vidal","Paul","1886-1916"
"11998264","19161229","a","Delcourt","Maurice","1877-1916"
"12589810","19170108","a","Bertaux","Emile","1869-1917"
"11043797","19170111","a","Arbouin","Gabriel","1878-1917"
"10402803","19170120","a","Lauzon","Henry de","1885-1917"
"10506684","19170124","a","Mercadier","Thйodore","1884-1917"
"10584281","19170125","a","Delanglade","Йdouard","1868-1917"
"15959580","19170125","a","Brunel","Roger","1884-1917"
"13167414","19170130","a","Cahn","Joseph","1897-1917"
"12953302","19170207","a","Duhamel","Henry","1853-1917"
"15624437","19170212","a","Berthon","Lйon","1893-1917"
"12484541","19170213","a","Vermalle","Paul","1887-1917"
"13304493","19170214","a","Hoff","Fernand","1895-1917"
"10478832","191703  ","a","Mommйja","Alexandre","1852?-1917"
"10325205","19170311","a","Perier","Joseph","1881-1917"
"10224178","19170323","a","Pic","Eugиne","1895-1917"
"10301840","19170325","a","Briquet","Raoul","1875-1917"
"10538099","19170325","a","Tailliandier","Albert","1875-1917"
"13181881","19170327","a","Cousin","Paul-Renй","1890-1917"
"11053539","19170403","a","Clunet","Jean","1878-1917"
"13384865","19170407","a","Adain","Gabriel","1883-1917"
"12114444","19170410","a","Calloc'h","Yan Ber","1888-1917"
"15521889","19170410","a","Alvernhe","Marcel","1892-1917"
"15954296","19170414","a","Bruant","Aristide-Louis-Armand","1883-1917"
"10401153","19170416","a","Klingebiel","Jean","1892-1917"
"10660488","19170416","a","Ricault d'Hйricault","Jean de","1876-1916"
"10696453","19170416","a","Cousin","Camille","1852-1917"
"11199835","19170416","a","Dubrulle","Paul","1882-1917"
"13182235","19170416","a","Mairet","Louis","1894-1917"
"15538762","19170416","a","Arnold","Paul-A.","1896-1917"
"15751966","19170416","a","Boine","Jean","1894-1917"
"10402857","19170417","a","Lavoine","Jacques","1896-1917"
"13182745","19170420","a","Psichari","Michel","1887-1917"
"16061718","19170420","a","Catulle-Mendиs","Primice","1896-1917"
"12245171","19170421","a","Friesй","Paul","1851-1917"
"14826949","19170423","a","Audisio","Lucien","1893-1917"
"16238893","19170426","a","Doumer","Renй","1887-1917"
"16186877","19170429","a","Cousinйry","Marcel","1891-1917"
"16181180","19170505","a","Corbie","Henri de","1895-1917"
"11052407","19170506","a","Champeaux","Louis","1890-1917"
"15941245","19170506","a","Camus","Renй","1887-1917"
"13517849","19170507","a","Dalize","Renй","1879-1917"
"16020347","19170507","a","Capdeville","Eugиne","1892-1917"
"12728820","19170508","a","Mathieu","Georges","1882-1917"
"15557321","19170514","z","Pluyette","Edmond","1861-1917"
"14846427","19170516","a","Halphen","Fernand","1872-1917"
"10688053","19170520","a","Mary","Pierre","1887-1917"
"13386732","19170522","a","Arrault","Nicolas-Arsиne","1877-1917"
"14939144","19170523","a","Vallйe","Jean Carl de","18..-1917"
"14429667","19170525","a","Dorme","Renй","1894-1917"
"13024837","19170530","a","Catheu","Pierre de","1871-1917"
"15632229","19170607","a","Bertrand","Albert","1890-1917"
"12002153","19170612","a","Gautier","Pierre","1884-1917"
"10027921","19170615","a","Thomas","Louis","1887-1917"
"16220064","19170625","a","Martin","Georges-Auguste","1872-1917"
"15526752","19170628","a","Andrй","Marc","1893-1917"
"13002200","19170701","a","Guyau","Augustin","1883-1917"
"14466114","19170714","a","Lapize","Octave","1887-1917"
"15680641","19170724","a","Chassin","Henri","1890-1917"
"15545531","19170727","a","Audigier","Renй","1894-1917"
"13168916","19170802","a","Fontaine-Vive","Jean","1895-1917"
"10476230","19170805","a","Lestang","Pierre de","1896-1917"
"10945843","19170807","a","Dethomas","Paul","1882-1917"
"13474001","19170810","a","Zaepffel","Marcel","1884-1917"
"13009909","19170817","a","Granier","Albert-Paul","1888-1917"
"12985272","19170823","a","Monnier","Auguste","1871-1917"
"12525173","19170824","a","Dufrиne","Lйon","1880-1917"
"15464821","19170908","a","Gevin","Йlie","1884-1917"
"12140902","19170910","a","Jubert","Raymond","1889-1917"
"12006025","19170911","a","Guynemer","Georges","1894-1917"
"12945405","19171017","a","Baratier","Albert","1864-1917"
"13454340","19171021","a","Pitaud","Paul","1882-1917"
"13386654","19171024","a","Arnould","Jules-Adolphe-Henri","1885-1917"
"11180599","19171029","a","Jobbй-Duval","Pierre","1887-1917"
"12736054","19171118","a","Bertrand","Adrien","1888-1917"
"12537361","19171205","a","Ballot","Charles","1886-1917"
"11997815","19171220","a","Petit-Breton","Lucien","1882-1917"
"12120000","19171229","a","Colin","Jean","1864-1917"
"11216103","1918    ","a","Balme Du Garay","Jules","1971-1918"
"10487365","19180130","a","Tabournel","Raymond","1872-1918"
"10344051","19180204","a","Bosquet","Clovis","1849-1918"
"12093698","19180223","a","Daguillon","Jean","1896-1918"
"12507918","191803  ","z","Schwab","Moпse","1839-1918"
"16040208","19180318","a","Carrй","Jean-Corentin","1900-1918"
"10361566","19180320","a","Lesse","Andrй de","1876-1918"
"10932243","19180324","a","Arиne","Auguste","1884-1918"
"16109369","19180327","a","Champfeu","Jacques de","1896-1918"
"10640046","19180328","a","Delmas","Gabriel","18..-1918"
"12118696","19180330","a","Massй","Justin","1890-1918"
"12385852","19180330","a","Clermont-Tonnerre","Louis de","1877-1918"
"10887253","19180331","a","Brulle","Roger","1889-1918"
"13472747","19180403","a","Vosy","Jean","1884-1918"
"11928211","19180405","z","Vidal de La Blache","Paul","1845-1918"
"13457270","19180408","a","Rallier du Baty","Fйlix-Joseph-Marie","1875-1918"
"16260334","19180420","a","Dupin","Camille","1896-1918"
"13384719","19180422","a","Abeille","Franзois","1884-1918"
"10841815","19180423","a","Barrиs","Henri de","1882-1918"
"10534064","19180425","a","Pully","Enguerrand de","1883-1918"
"10245019","19180426","a","Le Roy","Jean","1894-1918"
"10821541","19180426","a","Faye","Roger","1886-1918"
"13181702","19180426","a","Bouignol","Maurice","1891-1918"
"10885185","19180429","a","Boasson","Marc","1886-1918"
"10413586","19180430","a","Robert","Henri-B.","1888-1918"
"10408965","19180503","a","Nourrisson","Jean","1893-1918"
"10703302","19180504","a","Teissier","Joseph","1885-1918"
"12938078","19180505","a","Baron","Franзois","1888-1918"
"14970671","19180517","a","Brun","Gaston","1873-1918"
"16228804","19180528","a","Valliиres","Pierre des","1868-1918"
"13984652","19180529","a","Vierne","Renй","1878-1918"
"16260348","19180529","a","Dupin","Lйonce","1863-1918"
"11253006","19180531","a","Dispan de Floran","Henri","1885-1918"
"13422939","19180531","a","Grellety","Renй","1883-1918"
"11822988","19180604","a","Lйcureux","Lucien","1880-1918"
"13165959","19180609","a","Arbousset","Jean","1895-1918"
"15539427","19180611","a","Arramond","Dominique","1880-1918"
"15769927","19180611","a","Bonfils","Louis","1891-1918"
"15964396","19180621","a","Buchиre","Robert","1879-1918"
"16238895","19180623","a","Doumer","Marcel","1886-1918"
"13002118","19180628","a","Laurec","Julien","1881-1918"
"10372814","19180629","a","Rottach","Edmond","1877-1918"
"15526197","19180710","a","Ancher","Pierre","1893-1918"
"13471087","19180711","a","Vennin","Henri","1874-1918"
"12114537","19180715","a","Ollone","Charles d'","1865-1918"
"13471045","19180715","a","Vellutini","Charles","1876-1918"
"10276729","19180718","a","Krйmer","Louis","1883-1918"
"11102890","19180718","a","Delahaye","Auguste","1894-1918"
"13075891","19180720","a","Van Vollenhoven","Joost","1877-1918"
"11235638","19180721","a","Bouttieaux","Victor-Paul","1857-1918"
"12130653","19180723","a","Franconi","Gabriel-Tristan","1887-1918"
"12946012","19180725","a","Pottecher","Jean","1896-1918"
"14842468","19180730","a","Kilmer","Joyce","1886-1918"
"16205797","19180801","a","David","Pierre","1886-1918"
"12658463","19180803","a","Alline","Henri","1884-1918"
"13009907","19180804","a","Moncaut-Larroudй","Fernand","1890-1918"
"12779636","19180807","a","Sabiron","Georges","1882-1918"
"13181995","19180807","a","Mallet","Gйrard","1877-1918"
"14608237","19180813","a","Filoche","Albert","1883-1918"
"16248599","19180818","a","Dufner","Andrй","1898-1918"
"10824526","19180820","a","Gйry","Louis","1885-1918"
"13472113","19180820","a","Villard","Renй","1884-1918"
"13167861","19180822","a","Chardon","Ary-Henry","1889-1918"
"15507853","19180824","a","Adam","Edmond","1889-1918"
"10400378","19180828","a","Jolibois","Victor","1886-1918"
"10529602","19180828","a","Lesseps","Bertrand de","1875-1918"
"12747738","19180831","a","Cholesky","Andrй-Louis","1875-1918"
"12779643","19180902","a","Darmet","Louis","1890-1918"
"13471598","19180905","a","Vialard-Goudou","Jules-Franзois-Jean-Abel","1872-1918"
"13472349","19180905","a","Vincent","Pierre","1883-1918"
"11853092","19180907","a","Jeanbernat Barthйlemy de Ferrari Doria","Jules","1890-1918"
"16255940","19180908","a","Dumesnil","Gaston","1879-1918"
"14960531","19180909","a","Abel-Truchet","Louis","1857-1918"
"13384903","19180913","a","Adamistre","Edouard-Lucien-Louis-Jean-Baptiste","1880-1918"
"12296024","19180914","a","Froissart","Jacques","1897-1918"
"12116885","19180915","a","Ferry","Abel","1881-1918"
"12529096","19180917","a","Bayet","Charles","1849-1918"
"13471995","19180918","a","Vignon","Georges","1877-1918"
"10742314","19180926","a","Farusi","Georges","1884-1918"
"12461425","19180927","a","Belval-Delahaye","Anatole","1879-1918"
"10813378","19180928","a","Badin","Jean","1897-1918"
"11848768","19180928","a","Du Payrat","Henri","1896-1918"
"12783741","19180928","a","Pouzol","Francis","1891-1918"
"13074589","19180929","a","Labrousse","Georges-Marcel","1879-1918"
"13434373","19180929","a","Langlais","Fйlix","1879-1918"
"14686770","191810  ","a","Lamothe","Henry","1876-1918"
"11916971","19181002","a","Moselly","Emile","1870-1918"
"10329692","19181003","a","Rouzaud","Henri","1884-1918"
"12733104","19181004","a","Moreau","Constant","1888-1918"
"10248574","19181005","a","De Mot","Jean","1876-1918"
"11904220","19181005","a","Garros","Roland","1888-1918"
"12045188","19181006","a","Plauzeau","Alfred","1875-1918"
"11900873","19181007","a","Duchamp-Villon","Raymond","1876-1918"
"13398740","19181007","a","Cailleux","Paul","1878-1918"
"13005481","19181008","a","Gouй","Alain de","1879-1918"
"13166368","19181008","a","Biguet","Andrй","1893-1918"
"13471963","19181009","a","Vigneron","Victor-Marie-Joseph","1875-1918"
"13404075","19181010","a","Collilieux","Alexandre","1885-1918"
"13385251","19181013","a","Albiousse-Doriй","Pierre d'","1882-1918"
"13472351","19181013","a","Vincent","Robert","1877-1918"
"13525767","19181014","a","Letervanic","Georges","1888-1918"
"10938736","19181019","a","Briout","Edgard","1878-1918"
"12606122","19181020","a","Florиs","Ricardo","1878-1918"
"13385425","19181020","a","Allanche","Pierre","1882-1918"
"14801128","19181020","a","Boulnois","Joseph","1884-1918"
"10334628","19181024","a","Tassot","Fabien","1885-1918"
"10282686","19181025","a","Mйlйra","Cйsar","1884-1918"
"12185789","19181028","a","Cucuel","Georges","1884-1918"
"12356488","19181030","a","Boumal","Louis","1890-1918"
"16001259","19181030","a","Burny","Victor","1893-1918"
"15933201","19181101","a","Aubert","Louis","1889-1918"
"10550697","19181104","a","Lagardиre","Jean","1860-1918"
"16247898","19181107","a","Ducros","Paul-Louis","1890-1918"
"11888978","19181109","a","Apollinaire","Guillaume","1880-1918"
"13011167","19181217","a","Vandenabeele","Charles","1883-1918"
"10441890","19181224","a","Le Nail","Rogatien","1877-1918"
"12942786","19181224","a","Brindes","Laurent de","1877-1918"
"12459538","19181231","a","Cochin","Claude","1883-1918"
"13442810","19181231","a","Marqueste","Pierre","1887-1918"
"10243005","19190112","a","Justman","Ary","1888-1919"
"13386198","19190116","a","Antipas","Alexandre","1867-1919"
"13470076","19190120","a","Valentin","Charles-Albert","1870-1919"
"12314489","19190130","a","Merlant","Joachim","1875-1919"
"12366161","19190304","z","Cain","Georges","1856-1919"
"13460396","19190313","a","Ronot","Claude","1887-1919"
"15508379","19190419","a","Adam","Pierre","1899-1919"
"13448740","19190504","a","Mйnard","Pierre-Jean","1881-1919"
"10681186","19190510","a","Gйrфme","Auguste Clйment","1857-1919"
"13307264","19190510","a","Renйmont","C. de","1857-1919"
"13385178","19190520","a","Albarиde","Louis","1880-1919"
"11924301","19190521","a","Segalen","Victor","1878-1919"
"10515965","19190625","a","Valensi","Robert","1884-1919"
"13050391","19190723","a","Bazire","Henri","1873-1919"
"13473845","19191217","a","Wyart","Louis","1874-1919"
"12731560","19200725","a","Mougenot","Fabien","1868-1920"
"12040402","19210709","a","Pellerin","Jean","1885-1921"
"12734691","1922    ","a","Ker-Frank-Houx","Jean","1855-1922"
"11799625","19220326","a","Braun","Pierre","1881-1922"
"13022403","192208  ","a","Guerber","Йdouard","1882-1922"
"10650568","19220815","a","Durupt","Franзois-Eugиne","1847-1922"
"13009943","19231023","a","Verlet","Paul","1890-1923"
"12778191","19231110","a","Canudo","Ricciotto","1877-1923"
"10359866","19231128","a","Lafont","Bernard","1893-1918"
"10658110","19240118","a","Audibert","Franзois Jean Marie","1863-1924"
"11917059","19250322","a","Chadourne","Louis","1890-1925"
"16163303","19281208","a","Clavery","Prosper","1870-1928"
"11220146","19390714","a","Deschanel","Louis-Paul","1909-1939"
"12358559","19390912","a","Rossignol","Jacques","1898-1939"
"11328799","19390925","a","Claude","Pierre","1910-1939"
"16253253","19391006","a","Marchй","Йtienne du","1915-1939"
"12128211","19391014","a","Frappa","Jean-Josй","1882-1939"
"12129853","19391123","a","Roland-Marcel","Pierre","1883-1939"
"14317101","194.    ","a","Tautain","Gustave-Louis","18..-194."
"14699878","194.    ","a","Sergine","Maurice","1869-194."
"10596307","194001  ","a","Venturini","Jean-Bernard","1920-1940"
"11801147","19400111","a","Ferry","Dйsirй","1886-1940"
"11911106","19400511","a","Larigaudie","Guy de","1908-1940"
"13476882","19400511","a","Farineau","Jules","1910-1940"
"10965995","19400512","z","Lenouvel","Lйon","1891-1940"
"12544112","19400513","a","Grat","Fйlix","1898-1940"
"11986471","19400516","a","Humiиres","Alain d'","1884-1940"
"13561861","19400517","a","Dagnaux","Jean","1891-1940"
"11069132","19400519","a","Joncour","Vincent","1913-1940"
"11206031","19400519","a","Lackenbacher","Edmond","1901-1940"
"11917755","19400523","a","Nizan","Paul","1905-1940"
"10822680","19400528","a","Gain","Andrй","1907-1940"
"11245642","19400601","a","Petitbon","Pierre-Henri","1910-1940"
"10887521","19400604","a","Bucheli","Jean","1907-1940"
"12999630","19400607","a","Dallet","Franзois","1914-1940"
"11504164","19400608","a","Le Grand","Michel","1906-1940"
"12392373","19400614","a","Marty","Frйdйric","1911-1940"
"10809911","19400619","a","Rime","Jean","1907-1940"
"12601476","19400619","a","Desaint","Emile","1879-1940"
"12719027","19400620","a","Bret","Renй-Joseph","1897-1940"
"10088099","19400621","a","Du Mesnil du Buisson","Hubert","1897-1940"
"12870138","19400621","a","Bonnefoy","Georges-Frйdйric","1912-1940"
"13744540","19400704","a","Bessac","Paul","1907-1940"
"11887451","19401018","a","Saint-Pol-Roux","Paul","1861-1940"
"11906366","19401127","y","Guillaumet","Henri","1902-1940"
"11981107","19410224","a","Hackin","Joseph","1886-1941"
"12985534","19410224","a","Hackin","Ria","1905-1941"
"11576109","19410617","a","Genin","Renй","1900-1941"
"12039927","19410829","a","Estienne d'Orves","Honorй d'","1901-1941"
"16055704","19410924","a","Catelas","Jean Joseph","1894-1941"
"12231410","19411022","a","Jost","Lйon","1884-1941"
"12472389","19411112","z","Huntziger","Charles","1880-1941"
"12951639","19411215","a","Peri","Gabriel Joseph Marie","1902-1941"
"10825779","19411221","a","Holweck","Fernand","1890-1941"
"13527748","1942    ","a","Blum","Renй","1878-1942"
"12730587","19420202","a","Arnyvиlde","Andrй","1881-1942"
"12079320","19420223","a","Vildй","Boris","1908-1942"
"12976795","19420307","y","Semard","Pierre","1887-1942"
"12275828","19420523","a","Politzer","Georges","1903-1942"
"13476997","19420523","a","Solomon","Jacques","1908-1942"
"11899043","19420530","a","Decour","Jacques","1910-1942"
"12890137","19420727","a","Feldman","Valentin","1909-1942"
"16250575","19420819","a","Fretay","Maurice du","1920-1942"
"15787459","19421225","a","Bonnier de La Chapelle","Fernand","1922-1942"
"10496868","1943    ","a","Cru","Robert Loyalty","1884-1943"
"11906122","1943    ","a","Guйgan","Bertrand","1892-1943"
"13011890","1943    ","a","Arthuys","Jacques","1894-1943"
"15590591","1943    ","a","Allatini","Йric","1886-1943"
"16184921","19430129","a","Costa de Beauregard","Robert","1874-1943"
"11084101","19430207","a","Roques","Philippe","1910-1943"
"15057904","19430303","a","Farina","Maurice","1883-1943"
"12006369","19430320","a","Scamaroni","Fred","1914-1943"
"15766583","19430330","a","Bonpain","Renй","1908-1943"
"16185009","19430331","a","Costentin","Suzanne","1893-1943"
"13753947","19430423","a","Finance","Marcel","1918-1943"
"13008144","19430504","a","Andrй","Gйo","1889-1943"
"11943267","19430509","a","Casanova","Danielle","1909-1943"
"10947690","19430530","a","Duret","Georges","1887-1943"
"12298263","19430708","a","Moulin","Jean","1899-1943"
"10819374","19430912","a","Delaune","Auguste","1908-1943"
"10376817","194310  ","a","Steber","Charles","1898-1943"
"15923408","19431002","a","Brigouleix","Martial","1903-1943"
"11050952","19431105","a","Bйon","Raoul","1911-1943"
"10890738","19431125","a","Collomp","Paul","18..-1943"
"10715634","19431130","a","Cahen","Jules","1872-1943"
"16184141","19431202","a","Cotteret","Marcel","19..-1943"
"10604261","19431203","a","Lambert","Aimй","1874-1943"
"10911343","19431203","a","Lefebvre","Thйodore","1899-1943"
"12574014","19431203","a","Cartan","Louis","1909-1943"
"16184735","19431211","a","Cossonneau","Emile Auguste","1893-1943"
"13951308","19431212","a","Lattиs","Marcel","1886-1943"
"12358723","19431221","a","Gosse","Renй","1883-1943"
"11917469","1944    ","a","Naves","Raymond","1901-1944"
"12241850","1944    ","a","Delaporte","Louis-Joseph","1874-1944"
"12842168","1944    ","a","Marx","Albert","1902-1944"
"12942947","1944    ","a","Jullien du Breuil","Andrй","1903-1944"
"15755355","1944    ","a","Boisliveau","Athanase","19..?-1944"
"16112965","1944    ","a","Chanson","Albert","18..-1944?"
"16213945","1944    ","a","Delsuc","Jean","19..-1944"
"11895625","194401  ","a","Cavaillиs","Jean","1903-1944"
"11801178","19440101","a","Flamant","Paul","1891-1944"
"16199093","19440106","a","Dampierre","Armand de","1902-1944"
"12165255","19440110","a","Basch","Victor","1863-1944"
"16112842","19440114","a","Chanoine","Marie Jacques Henri","1882-1944"
"13480306","19440209","a","Bonnier","Claude","1897-1944"
"16165897","19440221","a","Cloarec","Andrй","19..-1944"
"15553343","194403  ","a","Aylй","Robert","19..-1944"
"11908382","19440305","a","Jacob","Max","1876-1944"
"12434583","19440310","a","Lebas","Jean","1878-1944"
"15097410","19440315","a","Chevignard","Bernard","1913-1944"
"11894170","19440322","a","Brossolette","Pierre","1903-1944"
"13488390","19440414","a","Crйmieux","Benjamin","1888-1944"
"12751684","19440422","a","Tessan","Franзois de","1883-1944"
"12122026","19440423","a","Mahn","Jean-Berthold","1911-1944"
"12218651","19440423","a","Bourgeois","Robert","1910-1944"
"10992510","19440513","a","Bingen","Jacques","1908-1944"
"12146521","19440514","a","Piobetta","Stйphane","1913-1944"
"11277952","19440517","a","Hervй","Yves-Marie-Gabriel","1909-1944"
"11929352","19440517","a","Wolff","Charles","1905-1944"
"14979851","19440602","a","Lion","Jacques","1888-1944"
"15506002","19440602","a","Abeille","Valentin","1907-1944"
"16165921","19440610","a","Gonzague","Louis de","19..?-1944"
"12473138","19440613","a","Leynaud","Renй","1910-1944"
"11892382","19440616","a","Bloch","Marc","1886-1944"
"12515876","19440616","y","Berthod","Aimй","1878-1944"
"12096870","19440620","a","Zay","Jean","1904-1944"
"15559201","19440620","a","Monod","Jacques","1903-1944"
"16137307","19440624","a","Chataigneau","Jacques","192.-1944"
"12479254","19440628","a","Mandin","Louis","1872-1944"
"16165910","19440628","a","Cloarec","Corantin","1894-1944"
"12156891","19440707","a","Mandel","Georges","1885-1944"
"12177033","19440716","a","Desbordes","Jean","1906-1944"
"12208490","19440718","y","Chabanon","Albert","1916-1944"
"12677609","19440718","a","Diamant-Berger","Jean-Claude","1920-1944"
"16158689","19440718","a","Cisson","Georges","1910-1944"
"12099664","19440720","a","Le Coeur","Charles","1903-1944"
"13338797","19440727","a","Dru","Gilbert","1920-1944"
"11923342","19440731","a","Saint-Exupйry","Antoine de","1900-1944"
"13168009","194408  ","a","Chenneviиre","Andrй","1908-1944"
"14802925","194408  ","a","Ochsй","Louise","1884-1944"
"16144252","194408  ","a","Chenneviиre","Jacques","19..-1944"
"11920613","19440801","a","Prйvost","Jean","1901-1944"
"12570113","19440801","a","Lautman","Albert","1908-1944"
"14771430","19440804","a","Ochsй","Fernand","1879-1944"
"11916621","19440811","y","Montcheuil","Yves de","1900-1944"
"16231071","19440812","a","Haro","Diйgo","1926-1944"
"16222481","19440818","a","Desbois","Jacques","1905-1944"
"15988012","19440820","a","Lacaze","Jean","1926-1944"
"11289343","19440821","a","Radisson","Roger","1911-1944"
"15597381","19440822","a","Bйcourt-Foch","Jean","1911-1944"
"12631948","19440825","a","Pistor","Fernand","1910-1944"
"16165914","19440825","a","Aubry","Lucien","1906-1944"
"12235703","19440826","a","Hainchelin","Charles","1901-1944"
"16194844","19440826","a","Schloesing","Jacques-Henri","1919-1944"
"11254990","19440827","a","Guastalla","Pierre-Andrй","1921-1944"
"16165920","19440828","a","Givone","Charles-Andrй","19..-1944"
"15863265","19440830","a","Bouvier","Jean-Pierre","1904-1944"
"10923213","19440901","a","Roullet","Yann","1915-1944"
"13086066","19440902","a","Vieljeux","Lйonce","1865-1944"
"11284747","19440904","y","Combaud-Roquebrune","Guy de","1904-1944"
"16241010","19440925","a","Dragon","Renй","19..-1944"
"16108359","19440926","a","Calais","Pierre","19..-1944"
"16071880","194410  ","a","Cazala","Roger","1906-1944"
"15674231","19441002","a","Bigo","Franзois","1912-1944"
"11329608","19441007","a","Maismont","Pierre de","1911-1944"
"12131078","19441010","a","Graux","Lucien","1878-1944"
"12479382","19441012","a","Fauquet","Philippe","1921-1944"
"16220081","19441022","a","Martin","Georges","1892-1944"
"14650334","19441029","y","Tanguy","Joseph","1882-1944"
"10942066","194411  ","a","Cheynel","Henry","1916-1944"
"11156798","19441110","a","Montfort","Annie de","1897-1944"
"12744139","19441111","a","Bourdet","Maurice","1902-1944"
"11914826","19441112","y","Martin","Marietta","1902-1944"
"16182146","19441119","a","Corfmat","Pierre","1900-1944"
"12300637","19441120","a","Brosset","Diego","1898-1944"
"16180677","19441121","a","Coquelin","Marc","1920-1944"
"15071351","19441221","a","Gosset","Jean","1912-1944"
"10947922","19441224","a","Dйlйage","Andrй","1903-1944"
"12163000","19441231","a","Bruhat","Georges","1887-1944"
"10097848","1945    ","a","Humbert-Laroche","Arlette","1915-1945"
"11047680","1945    ","a","Blaisot","Camille","1881-1945"
"11281471","1945    ","a","Roure","Andrй","1921-1945"
"12019494","1945    ","a","Messac","Rйgis","1893-1945"
"12174814","1945    ","a","Unik","Pierre","1909-1945"
"14842463","1945    ","a","Kerdyk","Renй","1885-1945"
"15984278","1945    ","a","Cachoud","Renй","19..-1945"
"16255989","1945    ","a","Dumiиre","Franзois","19..-1945"
"14005619","194501  ","a","Oberfeld","Casimir","1903-1945"
"12443374","19450112","a","Dillard","Victor","1897-1945"
"11152810","19450125","a","Lagarde","Hubert de","1898-1945"
"14501672","19450127","a","Cano","Pierre","1906-1945"
"16255993","19450131","a","Loison","Jean-Baptiste","1923-1945"
"12407260","194502  ","a","Gruner","Nanine","1907-1945"
"12516605","194502  ","a","Valois","Georges","1878-1945"
"11901151","194503  ","a","Dunois","Amйdйe","1878-1945"
"12449659","19450306","a","Dorsenne","Jean","1892-1945"
"16256155","19450315","a","Dumoncel","Rйmy","1888-1945"
"11906716","19450316","a","Halbwachs","Maurice","1877-1945"
"11914964","19450317","a","Maspero","Henri","1883-1945"
"13001567","19450326","a","Vernet","Franзois","1918?-1945"
"10843368","194504  ","a","Bierre","Renй","18..-1945"
"11075968","194504  ","a","Maroger","Gilbert","1911-1945"
"10944674","19450407","a","Daudet","Pierre","1904-1945"
"13005340","19450408","a","Tisseyre","Charles","1880-1945"
"12491959","19450419","a","Delestraint","Charles","1879-1945"
"10897135","19450424","y","Feyel","Michel","1911-1945"
"11013678","19450424","y","Henry","Marcelle","1895-1945"
"10921039","19450501","a","Pйron","Alfred","1904-1945"
"12789165","19450510","a","Cabos","Michel","1923-1945"
"12087004","19450602","y","Jacques de Jйsus","Michel","1900-1945"
"16147213","19450603","a","Chautemps","Pierre","1914-1945"
"11899866","19450608","a","Desnos","Robert","1900-1945"
"16041338","19450626","a","Carretier","Pierre","1896-1945"
"13004037","1946    ","a","Deberre","Emile","1867-1946"
"13557638","19460130","a","Hilsz","Maryse","1901-1946"
"10237161","19460719","z","Dunod","Henri","1865-1946"
"13568599","19461010","y","Goue","Emile","1904-1946"
"12306995","19470304","a","Boggio","Raoul","1898-1947"
"12127744","1951    ","a","Cointet de Fillain","Edouard","1911-1951"
"11301206","19531211","a","Le Guen","Jacques","1922-1953"
"12425662","19590526","a","Barres","Claude"